{
"Mostly Cloudy": "Mayormente Nublado",
  "Scattered Showers": "Llovizna Dispersa",
  "Isolated Thundershowers": "Tormentas Aisladas",
  "Light Snowshowers": "Nieve Liviana",
  "Mixed Snow and Sleet": "Nieve y Aguanieve",
  "Partly Cloudy": "Parcialmente Nublado",
  "Rain": "Lloviendo",
  "Mixed Rain and Snow": "Lluvia y Nieve",
  "Clear": "Despejado",
  "Isolated Thunderstorms": "Tormentas Aisladas",
  "Freezing Rain": "Lluvia Helada",
  "Foggy": "Neblina",
  "Snow": "Nevando",
  "Thunderstorms": "Tormenta Eléctrica",
  "Scattered Snow Showers": "Nieve Dispersa",
  "precip": "Probabilidad de Lluvia",
  "Cloudy": "Nublado",
  "Windy": "Vientos Fuertes",
  "Showers": "Lloviznas",
  "Mostly Clear": "Despejado",
  "Scattered Thunderstorms": "Tormentas Dispersas",
  "flipString": "false"
  }