{
  "Mostly Cloudy": "For det meste Skyet",
  "Scattered Showers": "Spredte Byger",
  "Isolated Thundershowers": "Isolerte Tordenbyger",
  "Light Snowshowers": "Lett Snøbyger",
  "Mixed Snow and Sleet": "Snø og Sludd",
  "Partly Cloudy": "Delvis Skyet",
  "Rain": "Regn",
  "Mixed Rain and Snow": "Regn og Snø",
  "Clear": "Klart",
  "Isolated Thunderstorms": "Isolert Tordenvær",
  "Freezing Rain": "Kaldt Regn",
  "Foggy": "Tåke",
  "Snow": "Snø",
  "Thunderstorms": "Tordenvær",
  "Scattered Snow Showers": "Spredte Snøbyger",
  "20% Chance of Rain": "Sjanse for Regn",
  "Cloudy": "Skyet",
  "Windy": "Vind",
  "Showers": "Byger",
  "Mostly Clear": "For det meste Klart",
  "Scattered Thunderstorms": "Spredt Tordenvær",
  "flipString": "true"
  }