{
    "Name": "Light",

    "Attributes": {
        "Blur BG": "yes",
        "Extra Title Padding": "no",
        "Filter": "blur(26px) saturate(190%) contrast(120%);",
        "WeatherFX Strength": 100
    },
    "Colors": {
        "City": "#000000",
        "Comp-Ring Battery": "#76FF2D",
        "Comp-Ring Rain": "##0A84FF",
        "Comp-Ring UV Index": "#76FF2D",
        "Comp-Ring Warning": "#FF375F",
        "Greeting": "#000000",
        "Icon": "#000000",
        "Labels": "#ffffff",
        "Pin": "#000000",
        "Low High": "#000000",
        "Summary": "#000000"
    },
    "Text Shadows": {
        "Blur": 32,
        "Color": "rgba(255,255,255,0.1)",
        "Y-Offset": 4
    }
}