{
    "Name": "Dark",

    "Attributes": {
        "Blur BG": "yes",
        "Extra Title Padding": "no",
        "Filter": "blur(38px) saturate(172%) contrast(120%);",
        "WeatherFX Strength": 40
    },
    "Colors": {
        "City": "#ffffff",
        "Comp-Ring Battery": "#76FF2D",
        "Comp-Ring Rain": "##0A84FF",
        "Comp-Ring UV Index": "#76FF2D",
        "Comp-Ring Warning": "#FF375F",
        "Greeting": "#ffffff",
        "Icon": "#ffffff",
        "Labels": "#ffffff",
        "Pin": "#ffffff",
        "Low High": "#ffffff",
        "Summary": "#ffffff"
    },
    "Text Shadows": {
        "Blur": 32,
        "Color": "rgba(255,255,255,0.1)",
        "Y-Offset": 4
    }
}