{
  "Mostly Cloudy": "Głównie pochmurno",
  "Scattered Showers": "Przelotne opady",
  "Isolated Thundershowers": "Pojedyńcze burze",
  "Light Snowshowers": "Lekkie opady śniegu",
  "Mixed Snow and Sleet": "Śnieg z deszczem",
  "Partly Cloudy": "Częściowo pochmurno",
  "Rain": "Deszcz",
  "Mixed Rain and Snow": "Deszcz ze śniegiem",
  "Clear": "Czysto",
  "Isolated Thunderstorms": "Pojedyńcze burze",
  "Freezing Rain": "Marznący deszcz",
  "Foggy": "Mgliście",
  "Snow": "Śnieg",
  "Thunderstorms": "Burze",
  "Scattered Snow Showers": "Rozległe opady śnieżne",
  "Cloudy": "Pochmurnie",
  "Windy": "Wietrznie",
  "Showers": "Opady",
  "Mostly Clear": "W większości czysto",
  "Scattered Thunderstorms": "Rozległe burze",
  "flipString": "false",
  "precip": "Szans na opady"
  }