{
  "Mostly Cloudy": "Presque Dégagé",
  "Scattered Showers": "Averses Éparses",
  "Isolated Thundershowers": "Des Orages",
  "Light Snowshowers": "Neigeux",
  "Mixed Snow and Sleet": "Neige et Grésil",
  "Partly Cloudy": "Partiellement Nuageux",
  "Rain": "Pluie",
  "Mixed Rain and Snow": "Pluie et Neige",
  "Clear": "Ciel Dégagé",
  "Isolated Thunderstorms": "Des Orages",
  "Freezing Rain": "Pluie Verglaçante",
  "Foggy": "Brumeux",
  "Snow": "Neige",
  "Thunderstorms": "Des Orages",
  "Scattered Snow Showers": "Neige Éparse",
  "precip": "Risque De Précipitations",
  "Cloudy": "Nuageux",
  "Windy": "Venteux",
  "Showers": "Averses",
  "Mostly Clear": "Généralement dégagé",
  "Scattered Thunderstorms": "Des Orages",
  "flipString": "true"
}