{
  "Mostly Cloudy": "Meist Bewölkt",
  "Scattered Showers": "Vereinzelte Regenschauer",
  "Isolated Thundershowers": "Vereinzelte Gewitterschauer",
  "Light Snowshowers": "Leichte Schneeschauer",
  "Mixed Snow and Sleet": "Schnee und Graupel",
  "Partly Cloudy": "Stellenweise Bewölkt",
  "Rain": "Regen",
  "Mixed Rain and Snow": "Schneeregen",
  "Clear": "Klarer Himmel",
  "Isolated Thunderstorms": "Vereinzelte Gewitterstürme",
  "Freezing Rain": "Überfrierender Regen",
  "Foggy": "Neblig",
  "Snow": "Schnee",
  "Thunderstorms": "Gewitterstürme",
  "Scattered Snow Showers": "Vereinzelte Schneeschauer",
  "precip": "Regenwahrscheinlichkeit",
  "Cloudy": "Bewölkt",
  "Windy": "Windig",
  "Showers": "Schauer",
  "Mostly Clear": "Meist Klar",
  "Scattered Thunderstorms": "Vereinzelt Gewitterstürme",
  "flipString": "false"
  }