{
  "Mostly Cloudy": "대체로 흐림",
  "Scattered Showers": "산발성 소나기",
  "Isolated Thundershowers": "국지성 뇌우",
  "Light Snowshowers": "가벼운 소낙눈",
  "Mixed Snow and Sleet": "눈과 진눈깨비가 뒤섞인 날씨",
  "Partly Cloudy": "부분적으로 흐림",
  "Rain": "비",
  "Mixed Rain and Snow": "진눈깨비",
  "Clear": "맑음",
  "Isolated Thunderstorms": "국지성 뇌우",
  "Freezing Rain": "빙우",
  "Foggy": "안개가 자욱한",
  "Snow": "눈",
  "Thunderstorms": "뇌우",
  "Scattered Snow Showers": "흩날리는 눈보라",
  "precip": "강우확률",
  "Cloudy": "흐림",
  "Windy": "바람이 많이 부는",
  "Showers": "소나기",
  "Mostly Clear": "대체로 맑음",
  "Scattered Thunderstorms": "산발성 뇌우",
  "flipString": "true"
}