{
  "Mostly Cloudy": "Mostly Cloudy",
  "Scattered Showers": "Showers",
  "Isolated Thundershowers": "Thundershowers",
  "Light Snowshowers": "Snowshowers",
  "Mixed Snow and Sleet": "Snow and Sleet",
  "Partly Cloudy": "Partly Cloudy",
  "Rain": "Rain",
  "Mixed Rain and Snow": "Rain and Snow",
  "Clear": "Clear",
  "Isolated Thunderstorms": "Thunderstorms",
  "Freezing Rain": "Freezing Rain",
  "Foggy": "Foggy",
  "Snow": "Snow",
  "Thunderstorms": "Thunderstorms",
  "Scattered Snow Showers": "Snowshowers",
  "precip": "Chance of Rain",
  "Cloudy": "Cloudy",
  "Windy": "Windy",
  "Showers": "Showers",
  "Mostly Clear": "Mostly Clear",
  "Scattered Thunderstorms": "Thunderstorms",
  "flipString": "false"
}